{
  "arch": "mobilenet_v2",
  "accuracy": 0.8723958333333334,
  "macro_f1": 0.8523145592030575,
  "weighted_f1": 0.870821656563173,
  "per_class": {
    "cardboard": {
      "precision": 0.9615384615384616,
      "recall": 0.819672131147541,
      "f1-score": 0.8849557522123894,
      "support": 61.0
    },
    "glass": {
      "precision": 0.8625,
      "recall": 0.9078947368421053,
      "f1-score": 0.8846153846153846,
      "support": 76.0
    },
    "metal": {
      "precision": 0.8382352941176471,
      "recall": 0.9193548387096774,
      "f1-score": 0.8769230769230769,
      "support": 62.0
    },
    "paper": {
      "precision": 0.8514851485148515,
      "recall": 0.9555555555555556,
      "f1-score": 0.900523560209424,
      "support": 90.0
    },
    "plastic": {
      "precision": 0.8939393939393939,
      "recall": 0.8082191780821918,
      "f1-score": 0.8489208633093526,
      "support": 73.0
    },
    "trash": {
      "precision": 0.8235294117647058,
      "recall": 0.6363636363636364,
      "f1-score": 0.717948717948718,
      "support": 22.0
    }
  },
  "confusion_matrix": [
    [
      50,
      1,
      0,
      10,
      0,
      0
    ],
    [
      0,
      69,
      4,
      0,
      3,
      0
    ],
    [
      0,
      2,
      57,
      3,
      0,
      0
    ],
    [
      0,
      1,
      0,
      86,
      1,
      2
    ],
    [
      1,
      7,
      3,
      2,
      59,
      1
    ],
    [
      1,
      0,
      4,
      0,
      3,
      14
    ]
  ],
  "classes": [
    "cardboard",
    "glass",
    "metal",
    "paper",
    "plastic",
    "trash"
  ],
  "latency_ms_per_image": 6.3280487060546875,
  "model_size_mb": 8.73511791229248,
  "n_params": 2231558,
  "img_size": 160
}