{
  "arch": "efficientnet_b0",
  "accuracy": 0.8776041666666666,
  "macro_f1": 0.8677663658200326,
  "weighted_f1": 0.8794744108269859,
  "per_class": {
    "cardboard": {
      "precision": 0.9824561403508771,
      "recall": 0.9180327868852459,
      "f1-score": 0.9491525423728814,
      "support": 61.0
    },
    "glass": {
      "precision": 0.9692307692307692,
      "recall": 0.8289473684210527,
      "f1-score": 0.8936170212765957,
      "support": 76.0
    },
    "metal": {
      "precision": 0.7011494252873564,
      "recall": 0.9838709677419355,
      "f1-score": 0.8187919463087249,
      "support": 62.0
    },
    "paper": {
      "precision": 0.9222222222222223,
      "recall": 0.9222222222222223,
      "f1-score": 0.9222222222222223,
      "support": 90.0
    },
    "plastic": {
      "precision": 0.890625,
      "recall": 0.7808219178082192,
      "f1-score": 0.8321167883211679,
      "support": 73.0
    },
    "trash": {
      "precision": 0.8095238095238095,
      "recall": 0.7727272727272727,
      "f1-score": 0.7906976744186046,
      "support": 22.0
    }
  },
  "confusion_matrix": [
    [
      56,
      0,
      0,
      4,
      1,
      0
    ],
    [
      0,
      63,
      10,
      0,
      3,
      0
    ],
    [
      0,
      0,
      61,
      0,
      1,
      0
    ],
    [
      0,
      0,
      3,
      83,
      1,
      3
    ],
    [
      0,
      2,
      11,
      2,
      57,
      1
    ],
    [
      1,
      0,
      2,
      1,
      1,
      17
    ]
  ],
  "classes": [
    "cardboard",
    "glass",
    "metal",
    "paper",
    "plastic",
    "trash"
  ],
  "latency_ms_per_image": 11.189017295837402,
  "model_size_mb": 15.584807395935059,
  "n_params": 4015234,
  "img_size": 160
}