{
  "arch": "mobilenet_v3_small",
  "accuracy": 0.8177083333333334,
  "macro_f1": 0.7999943525221532,
  "weighted_f1": 0.8178086816385375,
  "per_class": {
    "cardboard": {
      "precision": 0.9423076923076923,
      "recall": 0.8032786885245902,
      "f1-score": 0.8672566371681416,
      "support": 61.0
    },
    "glass": {
      "precision": 0.8205128205128205,
      "recall": 0.8421052631578947,
      "f1-score": 0.8311688311688312,
      "support": 76.0
    },
    "metal": {
      "precision": 0.76,
      "recall": 0.9193548387096774,
      "f1-score": 0.8321167883211679,
      "support": 62.0
    },
    "paper": {
      "precision": 0.875,
      "recall": 0.8555555555555555,
      "f1-score": 0.8651685393258427,
      "support": 90.0
    },
    "plastic": {
      "precision": 0.7647058823529411,
      "recall": 0.7123287671232876,
      "f1-score": 0.7375886524822695,
      "support": 73.0
    },
    "trash": {
      "precision": 0.6521739130434783,
      "recall": 0.6818181818181818,
      "f1-score": 0.6666666666666666,
      "support": 22.0
    }
  },
  "confusion_matrix": [
    [
      49,
      1,
      3,
      7,
      1,
      0
    ],
    [
      0,
      64,
      5,
      1,
      6,
      0
    ],
    [
      0,
      3,
      57,
      0,
      2,
      0
    ],
    [
      1,
      0,
      3,
      77,
      3,
      6
    ],
    [
      1,
      10,
      6,
      2,
      52,
      2
    ],
    [
      1,
      0,
      1,
      1,
      4,
      15
    ]
  ],
  "classes": [
    "cardboard",
    "glass",
    "metal",
    "paper",
    "plastic",
    "trash"
  ],
  "latency_ms_per_image": 2.832632064819336,
  "model_size_mb": 5.9320878982543945,
  "n_params": 1524006,
  "img_size": 160
}