{
  "arch": "shufflenet_v2_x1_0",
  "accuracy": 0.8125,
  "macro_f1": 0.7577676279249541,
  "weighted_f1": 0.805176740595948,
  "per_class": {
    "cardboard": {
      "precision": 0.9811320754716981,
      "recall": 0.8524590163934426,
      "f1-score": 0.9122807017543859,
      "support": 61.0
    },
    "glass": {
      "precision": 0.7065217391304348,
      "recall": 0.8552631578947368,
      "f1-score": 0.7738095238095238,
      "support": 76.0
    },
    "metal": {
      "precision": 0.7733333333333333,
      "recall": 0.9354838709677419,
      "f1-score": 0.8467153284671532,
      "support": 62.0
    },
    "paper": {
      "precision": 0.8617021276595744,
      "recall": 0.9,
      "f1-score": 0.8804347826086957,
      "support": 90.0
    },
    "plastic": {
      "precision": 0.819672131147541,
      "recall": 0.684931506849315,
      "f1-score": 0.746268656716418,
      "support": 73.0
    },
    "trash": {
      "precision": 0.6666666666666666,
      "recall": 0.2727272727272727,
      "f1-score": 0.3870967741935484,
      "support": 22.0
    }
  },
  "confusion_matrix": [
    [
      52,
      1,
      0,
      7,
      0,
      1
    ],
    [
      0,
      65,
      5,
      1,
      5,
      0
    ],
    [
      0,
      4,
      58,
      0,
      0,
      0
    ],
    [
      0,
      2,
      2,
      81,
      4,
      1
    ],
    [
      0,
      16,
      4,
      2,
      50,
      1
    ],
    [
      1,
      4,
      6,
      3,
      2,
      6
    ]
  ],
  "classes": [
    "cardboard",
    "glass",
    "metal",
    "paper",
    "plastic",
    "trash"
  ],
  "latency_ms_per_image": 5.659189224243164,
  "model_size_mb": 4.962191581726074,
  "n_params": 1259754,
  "img_size": 160
}