{
  "arch": "resnet18",
  "accuracy": 0.8854166666666666,
  "macro_f1": 0.8678490764655341,
  "weighted_f1": 0.8861346768862514,
  "per_class": {
    "cardboard": {
      "precision": 0.9827586206896551,
      "recall": 0.9344262295081968,
      "f1-score": 0.957983193277311,
      "support": 61.0
    },
    "glass": {
      "precision": 0.8933333333333333,
      "recall": 0.881578947368421,
      "f1-score": 0.8874172185430463,
      "support": 76.0
    },
    "metal": {
      "precision": 0.8709677419354839,
      "recall": 0.8709677419354839,
      "f1-score": 0.8709677419354839,
      "support": 62.0
    },
    "paper": {
      "precision": 0.9318181818181818,
      "recall": 0.9111111111111111,
      "f1-score": 0.9213483146067416,
      "support": 90.0
    },
    "plastic": {
      "precision": 0.810126582278481,
      "recall": 0.8767123287671232,
      "f1-score": 0.8421052631578947,
      "support": 73.0
    },
    "trash": {
      "precision": 0.7272727272727273,
      "recall": 0.7272727272727273,
      "f1-score": 0.7272727272727273,
      "support": 22.0
    }
  },
  "confusion_matrix": [
    [
      57,
      1,
      1,
      1,
      1,
      0
    ],
    [
      0,
      67,
      3,
      0,
      6,
      0
    ],
    [
      0,
      1,
      54,
      2,
      5,
      0
    ],
    [
      1,
      1,
      2,
      82,
      0,
      4
    ],
    [
      0,
      5,
      0,
      2,
      64,
      2
    ],
    [
      0,
      0,
      2,
      1,
      3,
      16
    ]
  ],
  "classes": [
    "cardboard",
    "glass",
    "metal",
    "paper",
    "plastic",
    "trash"
  ],
  "latency_ms_per_image": 14.824991226196289,
  "model_size_mb": 42.71857738494873,
  "n_params": 11179590,
  "img_size": 160
}